{"cameraMode":{"drawMode":0,"name":"Shaded","section":"Shading Mode"},"sceneLighting":false,"audioPlay":false,"sceneViewState":{"m_AlwaysRefresh":false,"showFog":false,"showSkybox":false,"showFlares":false,"showImageEffects":false,"showParticleSystems":false,"showVisualEffectGraphs":false,"m_FxEnabled":true},"in2DMode":false,"pivot":{"x":2.384185791015625e-7,"y":0.8587321043014526,"z":0.07120218873023987},"rotation":{"x":0.08941904455423355,"y":0.2799343764781952,"z":-0.026192424818873407,"w":0.9555008411407471},"size":1.3795294761657715,"orthographic":false}