{"cameraMode":{"drawMode":0,"name":"Shaded","section":"Shading Mode"},"sceneLighting":false,"audioPlay":false,"sceneViewState":{"m_AlwaysRefresh":false,"showFog":false,"showSkybox":false,"showFlares":false,"showImageEffects":false,"showParticleSystems":false,"showVisualEffectGraphs":false,"m_FxEnabled":true},"in2DMode":false,"pivot":{"x":-0.00673067569732666,"y":0.8955577611923218,"z":-0.016735821962356569},"rotation":{"x":-0.11003829538822174,"y":-0.8753884434700012,"z":0.4092791676521301,"w":-0.23389990627765656},"size":1.4741218090057374,"orthographic":false}