{"cameraMode":{"drawMode":0,"name":"Shaded","section":"Shading Mode"},"sceneLighting":true,"audioPlay":false,"sceneViewState":{"m_AlwaysRefresh":false,"showFog":false,"showSkybox":false,"showFlares":false,"showImageEffects":false,"showParticleSystems":false,"showVisualEffectGraphs":false,"m_FxEnabled":true},"in2DMode":false,"pivot":{"x":0.7565224170684815,"y":-2.42608904838562,"z":-1.1720240116119385},"rotation":{"x":-0.00010390453098807484,"y":0.991721510887146,"z":-0.13117022812366486,"w":-0.0017841309309005738},"size":4.264594078063965,"orthographic":false}