{"cameraMode":{"drawMode":0,"name":"Shaded","section":"Shading Mode"},"sceneLighting":false,"audioPlay":false,"sceneViewState":{"m_AlwaysRefresh":false,"showFog":true,"showSkybox":false,"showFlares":true,"showImageEffects":true,"showParticleSystems":true,"showVisualEffectGraphs":true,"m_FxEnabled":true},"in2DMode":false,"pivot":{"x":-0.056621354073286059,"y":0.19543616473674775,"z":-0.22129972279071809},"rotation":{"x":0.2417403608560562,"y":0.5110592246055603,"z":-0.15240083634853364,"w":0.8106507658958435},"size":0.13276919722557069,"orthographic":false}