{"cameraMode":{"drawMode":0,"name":"Shaded","section":"Shading Mode"},"sceneLighting":false,"audioPlay":false,"sceneViewState":{"m_AlwaysRefresh":false,"showFog":false,"showSkybox":false,"showFlares":false,"showImageEffects":false,"showParticleSystems":false,"showVisualEffectGraphs":false,"m_FxEnabled":true},"in2DMode":false,"pivot":{"x":0.6067425608634949,"y":0.37137073278427126,"z":0.37215977907180788},"rotation":{"x":0.032060690224170688,"y":-0.9050988554954529,"z":0.0693754330277443,"w":0.4182766079902649},"size":2.466387987136841,"orthographic":false}