{"cameraMode":{"drawMode":0,"name":"Shaded","section":"Shading Mode"},"sceneLighting":false,"audioPlay":false,"sceneViewState":{"m_AlwaysRefresh":false,"showFog":true,"showSkybox":false,"showFlares":true,"showImageEffects":true,"showParticleSystems":true,"showVisualEffectGraphs":true,"m_FxEnabled":true},"in2DMode":false,"pivot":{"x":0.10856688022613526,"y":0.4627498984336853,"z":0.9080134630203247},"rotation":{"x":-0.16490639746189118,"y":0.46070611476898196,"z":-0.08755502849817276,"w":-0.8677019476890564},"size":23.298973083496095,"orthographic":false}