{"cameraMode":{"drawMode":0,"name":"Shaded","section":"Shading Mode"},"sceneLighting":false,"audioPlay":false,"sceneViewState":{"m_AlwaysRefresh":false,"showFog":true,"showSkybox":false,"showFlares":true,"showImageEffects":true,"showParticleSystems":true,"showVisualEffectGraphs":true,"m_FxEnabled":true},"in2DMode":false,"pivot":{"x":-0.00016796588897705078,"y":0.7566945552825928,"z":0.020447850227355958},"rotation":{"x":-0.0015463981544598938,"y":0.9624619483947754,"z":-0.27135956287384035,"w":-0.005485026631504297},"size":1.1315704584121705,"orthographic":false}