{"cameraMode":{"drawMode":0,"name":"Shaded","section":"Shading Mode"},"sceneLighting":true,"audioPlay":false,"sceneViewState":{"m_AlwaysRefresh":false,"showFog":false,"showSkybox":false,"showFlares":false,"showImageEffects":false,"showParticleSystems":false,"showVisualEffectGraphs":false,"m_FxEnabled":true},"in2DMode":false,"pivot":{"x":19.284996032714845,"y":0.445000022649765,"z":-23.489999771118165},"rotation":{"x":0.35713401436805727,"y":0.04131847620010376,"z":-0.015999751165509225,"w":0.9332162141799927},"size":2.470808267593384,"orthographic":false}