{"cameraMode":{"drawMode":0,"name":"Shaded","section":"Shading Mode"},"sceneLighting":false,"audioPlay":false,"sceneViewState":{"m_AlwaysRefresh":false,"showFog":true,"showSkybox":false,"showFlares":true,"showImageEffects":true,"showParticleSystems":true,"showVisualEffectGraphs":true,"m_FxEnabled":true},"in2DMode":false,"pivot":{"x":18.314228057861329,"y":0.026400089263916017,"z":-23.848411560058595},"rotation":{"x":0.1904037743806839,"y":-0.08529292792081833,"z":0.016607873141765596,"w":0.9778541922569275},"size":7.928902626037598,"orthographic":false}