{"cameraMode":{"drawMode":0,"name":"Shaded","section":"Shading Mode"},"sceneLighting":false,"audioPlay":false,"sceneViewState":{"m_AlwaysRefresh":false,"showFog":true,"showSkybox":false,"showFlares":true,"showImageEffects":true,"showParticleSystems":true,"showVisualEffectGraphs":true,"m_FxEnabled":true},"in2DMode":false,"pivot":{"x":-4.340167999267578,"y":0.7566945552825928,"z":1.7644033432006837},"rotation":{"x":-0.16490639746189118,"y":0.46070611476898196,"z":-0.08755502849817276,"w":-0.8677019476890564},"size":1.1389498710632325,"orthographic":false}