{"cameraMode":{"drawMode":0,"name":"Shaded","section":"Shading Mode"},"sceneLighting":false,"audioPlay":false,"sceneViewState":{"m_AlwaysRefresh":false,"showFog":true,"showSkybox":false,"showFlares":true,"showImageEffects":true,"showParticleSystems":true,"showVisualEffectGraphs":true,"m_FxEnabled":true},"in2DMode":false,"pivot":{"x":0.2823776602745056,"y":0.7743772268295288,"z":1.9772281646728516},"rotation":{"x":-0.3755955398082733,"y":0.09759396314620972,"z":-0.03981010988354683,"w":-0.9207732677459717},"size":1.3349287509918213,"orthographic":false}