{"cameraMode":{"drawMode":0,"name":"Shaded","section":"Shading Mode"},"sceneLighting":true,"audioPlay":false,"sceneViewState":{"m_AlwaysRefresh":false,"showFog":false,"showSkybox":false,"showFlares":false,"showImageEffects":false,"showParticleSystems":false,"showVisualEffectGraphs":false,"m_FxEnabled":true},"in2DMode":false,"pivot":{"x":19.284996032714845,"y":0.445000022649765,"z":-23.489999771118165},"rotation":{"x":0.43448469042778017,"y":0.020923759788274766,"z":-0.010288762860000134,"w":0.9006001949310303},"size":2.470808267593384,"orthographic":false}