{"cameraMode":{"drawMode":0,"name":"Shaded","section":"Shading Mode"},"sceneLighting":true,"audioPlay":false,"sceneViewState":{"m_AlwaysRefresh":false,"showFog":true,"showSkybox":true,"showFlares":true,"showImageEffects":true,"showParticleSystems":true,"showVisualEffectGraphs":true,"m_FxEnabled":true},"in2DMode":false,"pivot":{"x":-21.10070037841797,"y":1.2826498746871949,"z":23.791461944580079},"rotation":{"x":0.2539738416671753,"y":-0.21258752048015595,"z":0.05732708051800728,"w":0.9418169856071472},"size":3.896725654602051,"orthographic":false}